{"stats":{"minecraft:picked_up":{"minecraft:redstone":1},"minecraft:used":{"minecraft:redstone_torch":2,"minecraft:sticky_piston":4,"minecraft:glass":4,"minecraft:water_bucket":2,"minecraft:diamond_block":1,"minecraft:lava_bucket":1,"minecraft:repeater":2,"minecraft:comparator":2,"minecraft:redstone":14,"minecraft:barrier":14,"minecraft:oak_sign":1,"minecraft:white_concrete":10,"minecraft:observer":1,"minecraft:iron_door":1},"minecraft:custom":{"minecraft:time_since_rest":7512,"minecraft:crouch_one_cm":577,"minecraft:play_time":7512,"minecraft:sprint_one_cm":2469,"minecraft:walk_one_cm":6085,"minecraft:sneak_time":438,"minecraft:jump":18,"minecraft:leave_game":1,"minecraft:time_since_death":7512,"minecraft:total_world_time":9361,"minecraft:fly_one_cm":14808}},"DataVersion":4082}